observed,year,month,day,place,lat,lng
2018-07-31,2018,7,31,"Pinto Canyon Rd, Marfa, TX, US",30.2903883333,-104.0401471667
2018-07-18,2018,7,18,"Co Rd 109, Ozona, TX 76943, USA",30.8227277,-101.12673617
2018-07-25,2018,7,25,"FM 649, Hebbronville, TX, US",27.0718888333,-98.88578
2018-07-26,2018,7,26,"79546, Rotan, TX, US",33.0379905629,-100.5167510447
2018-07-23,2018,7,23,"1011 N Main St, Crowell, TX 79227, USA",33.99472124,-99.72425374
2018-07-23,2018,7,23,"Foard County, US-TX, US",33.99474463,-99.7242783
2018-07-16,2018,7,16,"Jeff Davis County, US-TX, US",30.550824,-104.451699
2018-07-21,2018,7,21,"N Dean St, Marfa, TX, US",30.3609783333,-104.0111472167
2018-07-20,2018,7,20,"2833 Ridge Top Ln, Vernon, TX 76384, USA",34.1251503135,-99.3177745119
2018-07-17,2018,7,17,"RM 505, Fort Davis, TX, US",30.5248083333,-104.3893366667
2018-07-17,2018,7,17,"Texas, US",30.2251567454,-104.0951554773
2018-07-17,2018,7,17,"Main St, Fort Davis, TX, US",30.5857716667,-103.886545
2018-07-15,2018,7,15,"Hartley County, US-TX, US",35.70579093,-102.78578124
2018-07-15,2018,7,15,"1100 N Main St, Crowell, TX 79227, USA",33.9954819174,-99.7243427485
2018-07-14,2018,7,14,"US-385 N, Alpine, TX, US",30.3555,-103.042725
2018-07-13,2018,7,13,"FM 1576, Fort Hancock, TX, US",31.8111016613,-105.0772537376
2016-08-21,2016,8,21,"Wilbarger County, TX, USA",34.25774,-99.4107
2016-08-21,2016,8,21,"Wilbarger County, TX, USA",34.24632,-99.31714
2017-07-24,2017,7,24,"Harrold, TX 76364, USA",34.12134,-98.98167
2018-07-11,2018,7,11,"79124, Amarillo, TX, US",35.2362788953,-101.943274797
2018-07-08,2018,7,8,"Kent County, TX, USA",33.0355072264,-100.5235141733
2018-07-07,2018,7,7,"Stonewall County, TX, USA",33.0412902016,-100.5101761174
2018-07-06,2018,7,6,"E Highway 90, Alpine, TX, US",30.3156133333,-103.463005
2018-06-29,2018,6,29,"Commen Rd, La Pryor, TX, US",28.9892323249,-99.8214490998
2018-06-13,2018,6,13,"3909 Dixon St, Big Spring, TX 79720, USA",32.21049731,-101.48422217
2018-06-23,2018,6,23,"FM 2895, Laredo, TX, US",27.6010133333,-99.0597528333
2018-06-22,2018,6,22,"Brewster County, US-TX, US",30.393370581,-103.5474046818
2018-06-23,2018,6,23,"78372, Orange Grove, TX, US",27.9880533333,-98.0590583333
2016-04-24,2016,4,24,"Texas, US",33.5413967302,-100.8879702229
2018-06-16,2018,6,16,"Texas, US",27.9783719061,-98.4487237867
2018-06-15,2018,6,15,"Midland County, TX, USA",31.9655590977,-102.1218083808
2017-08-23,2017,8,23,"Dawson County, TX, USA",32.7717423,-101.9804613
2016-04-14,2016,4,14,"Dickens County, TX, USA",33.5985109,-100.7097867
2015-08-05,2015,8,5,"Texas, US",32.7885772011,-99.9030327399
2018-06-09,2018,6,9,"Brewster County, US-TX, US",30.3527301521,-103.0224482417
2018-06-09,2018,6,9,"US-385, Marathon, TX 79842, USA",30.27961062,-103.16654263
2018-06-04,2018,6,4,"Kent County, TX, USA",33.050737934,-100.5299853353
2018-06-04,2018,6,4,"Kent County, TX, USA",33.0667040621,-100.5343406934
2018-06-04,2018,6,4,"Kent County, TX, USA",33.0819894651,-100.5397278071
2018-06-04,2018,6,4,"Stonewall County, TX, USA",33.0513409793,-100.5160303363
2018-06-06,2018,6,6,"4004–4262 W FM 624, Orange Grove, TX, US",27.9899583333,-98.0587
2018-06-03,2018,6,3,"Kent County, TX, USA",33.0374957655,-100.5236493886
2018-06-03,2018,6,3,"Kent County, TX, USA",33.0359696215,-100.5236101534
2018-06-04,2018,6,4,"Jim Wells County, TX, USA",27.89427761,-98.0144570417
2018-06-02,2018,6,2,"E Lake Ave, Mertzon, TX 76941, USA",31.2622384571,-100.8117827028
2018-05-26,2018,5,26,"628–712 FM 1217, Dryden, TX, US",30.1296166667,-102.0806805
2018-05-24,2018,5,24,"Texas, US",30.4531638185,-104.2301348621
2018-05-22,2018,5,22,"Stonewall County, TX, USA",33.0523141872,-100.506593585
2018-04-06,2018,4,6,"RM 334, Brackettville, TX 78832, USA",29.33094231,-100.38477028
2018-05-12,2018,5,12,"Ranch Rd 2810, Marfa, TX 79843, USA",30.2899532318,-104.0720748901
2018-05-04,2018,5,4,"Ft Davis, Tx",30.606558,-103.884444
2018-05-04,2018,5,4,"Ft Davis, Tx",30.606558,-103.884444
2018-05-08,2018,5,8,"County Road 203, Ozona, TX, US",30.8045216667,-101.096725
2018-05-08,2018,5,8,"Texas, US",30.971822711,-101.1667993757
2018-05-09,2018,5,9,"County Road 203, Ozona, TX, US",30.8037916667,-101.0942
2018-05-09,2018,5,9,"Ozona, TX  76943, Ozona, TX, US",30.9678616667,-101.1201166667
2018-05-09,2018,5,9,"Texas, US",30.9355148806,-101.1455820592
2018-05-14,2018,5,14,"Kenedy County, TX, USA",26.7845833785,-97.7258632364
2018-05-12,2018,5,12,"Texas, US",30.0426631997,-104.1373201258
2018-05-13,2018,5,13,"2910 W Michigan Ave, Midland, TX 79701, USA",31.9964179993,-102.1097793579
2018-05-12,2018,5,12,"Karnes City, TX 78118, USA",28.8881957943,-97.8983407933
2018-05-12,2018,5,12,"Karnes City, TX 78118, USA",28.8869959924,-97.9001217803
2018-05-08,2018,5,8,"US-385, Marathon, TX 79842, USA",30.28846828,-103.14962366
2018-05-10,2018,5,10,"Texas, US",31.0270698469,-101.1979118489
2018-05-09,2018,5,9,"Texas, US",31.0842262678,-101.0262838733
2018-05-09,2018,5,9,"Texas, US",31.192303757,-101.1224718347
2018-05-09,2018,5,9,"Texas, US",31.026097417,-100.8341824761
2018-05-08,2018,5,8,"Texas, US",31.1024395254,-101.0251509242
2018-05-08,2018,5,8,"Texas, US",30.8305529129,-101.1473727512
2018-05-10,2018,5,10,"Texas, US",30.4653597372,-103.8306613177
2018-05-10,2018,5,10,"Texas, US",30.2282824783,-103.6653531827
2018-05-05,2018,5,5,"Frio County, TX, USA",28.7245176663,-98.9432358742
2018-05-09,2018,5,9,"Crockett County, US-TX, US",30.7535587449,-101.3345539523
2018-05-09,2018,5,9,"Randall County, US-TX, US",34.95285546,-101.68407996
2017-05-15,2017,5,15,"7914 E Highway 62, Idalou, TX, US",33.65771174,-101.7029660067
2018-04-26,2018,4,26,"Midland County, US-TX, US",31.99623861,-102.10981763
2018-05-05,2018,5,5,"Texas, US",30.4893364904,-103.9937046036
2018-05-03,2018,5,3,"Texas, US",28.2396281602,-98.7512593351
2018-05-02,2018,5,2,"Salineno, TX, USA",26.5244919846,-99.1214311123
2018-04-24,2018,4,24,"Taylor Rd, Ozona, TX, US",30.7270739765,-101.0714065842
2018-04-24,2018,4,24,"Nueva Vista Golf Club, Midland, TX, US",32.0035169863,-102.17379699
2018-04-22,2018,4,22,"Texas, US",31.1697674479,-101.0394240747
2018-04-22,2018,4,22,"Texas, US",31.0849032979,-101.0404072566
2018-04-22,2018,4,22,"Texas, US",31.0190472903,-101.008255783
2018-04-08,2018,4,8,"County Road 203, Ozona, TX, US",30.8037404191,-101.0935080012
2018-04-08,2018,4,8,"Crockett County, US-TX, US",30.7381867,-101.1976644
2018-04-05,2018,4,5,"Midkiff, TX  79755, Midkiff, TX, US",31.4104370261,-102.2428561282
2018-03-27,2018,3,27,"Calliham, TX  78007, Calliham, TX, US",28.5104574915,-98.469838556
2018-03-25,2018,3,25,"Laredo, TX  78045, Laredo, TX, US",27.6784783333,-99.29673
2016-02-29,2016,2,29,"Bahía Grande, Texas, USA",26.0746608182,-97.3056169805
2009-09-16,2009,9,16,"Marathon, TX 79842, USA",30.2123128605,-103.2378923893
2004-04-25,2004,4,25,"Dallam County, TX, USA",36.4997765684,-102.8949022293
2014-08-01,2014,8,1,"Aspermont, TX  79502, Aspermont, TX, US",33.048082857,-100.5113143345
2012-08-22,2012,8,22,"Snyder, TX  79549, Snyder, TX, US",33.0404377654,-100.5214600099
2010-09-17,2010,9,17,"Snyder, TX  79549, Snyder, TX, US",33.0540659107,-100.5201283796
2010-07-03,2010,7,3,"Aspermont, TX  79502, Aspermont, TX, US",33.0568398316,-100.5039843746
2017-11-17,2017,11,17,"Karnes City, TX 78118, USA",28.8849772,-97.9008355
2016-08-22,2016,8,22,"Jeff Davis County, TX, USA",30.6259189548,-104.2751586159
2016-06-23,2016,6,23,"Baylor County, TX, USA",33.6847231104,-99.0705546458
2016-05-30,2016,5,30,"Kent County, TX, USA",33.395915131,-100.6839835085
2016-05-30,2016,5,30,"Garza County, TX, USA",33.050083248,-101.4053344447
2016-05-30,2016,5,30,"Garza County, TX, USA",33.0133876448,-101.4012538273
2016-05-30,2016,5,30,"Borden County, TX, USA",32.6838094452,-101.4621987799
2016-05-30,2016,5,30,"Hardeman County, TX, USA",34.2868640529,-99.8509357126
2016-05-30,2016,5,30,"Borden County, TX, USA",32.6281147204,-101.4591453239
2016-05-30,2016,5,30,"Glasscock County, TX, USA",32.0822810949,-101.6600128728
2016-05-30,2016,5,30,"Mitchell County, TX, USA",32.1651932906,-101.0551157315
2016-05-29,2016,5,29,"Stonewall County, TX, USA",33.1603901097,-100.2347718552
2016-05-30,2016,5,30,"Kent County, TX, USA",33.1334882833,-100.7973390259
2016-05-29,2016,5,29,"Hockley County, TX, USA",33.7860873799,-102.4064176716
2015-08-10,2015,8,10,"Hall County, TX, USA",34.5315526015,-100.9288131913
2015-06-04,2015,6,4,"Terry County, TX, USA",33.1811757691,-102.1706600348
2002-04-16,2002,4,16,"Kenedy County, TX, USA",26.85,-97.917
2017-11-01,2017,11,1,"Texas, US",30.4950476556,-104.4814189618
2017-10-30,2017,10,30,"RM 505, Valentine, TX, US",30.5366533333,-104.34407
2017-10-10,2017,10,10,"Starr County, TX, USA",26.6931063958,-98.72226879
2017-10-06,2017,10,6,"Pecos County, US-TX, US",30.8367943786,-102.2484501717
2017-09-29,2017,9,29,"Pinto Canyon Rd, Marfa, TX, US",30.0952278333,-104.4357616667
2017-09-23,2017,9,23,"Stonewall County, TX, USA",33.0451018108,-100.5073231459
2017-06-22,2017,6,22,"Texas, US",34.1526896533,-99.2082132428
2017-09-16,2017,9,16,"551 Co Rd 168, Lueders, TX 79533, USA",32.8523580511,-99.576173164
2017-09-08,2017,9,8,"Starr County, TX, USA",26.5417266947,-99.102717339
2017-09-03,2017,9,3,"Stonewall County, TX, USA",33.16265,-100.0089805556
2017-08-31,2017,8,31,"869–959 RM 2400, Dryden, TX, US",30.390845,-102.218405
2017-08-01,2017,8,1,"Texas, US",26.7567753205,-99.1744954572
2017-08-14,2017,8,14,"Marathon, TX 79842 USA",30.3156476392,-103.1191486493
2017-06-17,2017,6,17,"Texas, US",33.8510164331,-99.0475181356
2017-08-12,2017,8,12,"Main St, Fort Davis, TX, US",30.5884883333,-103.8861616667
2017-08-09,2017,8,9,"1439–1529 RM 2400, Dryden, TX, US",30.431425,-102.1384195
2017-08-02,2017,8,2,"Stonewall County, TX, USA",33.048153406,-100.507374107
2017-07-29,2017,7,29,"Stonewall County, TX, USA",33.0517071834,-100.5159008503
2017-07-29,2017,7,29,"Stonewall County, TX, USA",33.0513638646,-100.516498982
2017-07-25,2017,7,25,"County Road 2150, Stanton, TX, US",32.1250458268,-101.8381742065
2017-07-25,2017,7,25,"1031-1033 Santa Fe Trail Canyon, TX 79015",34.9705082496,-101.9435143098
2017-07-14,2017,7,14,"Brackettville, TX 78832",29.3751497513,-100.501796932
2017-07-12,2017,7,12,"Sheffield, TX 79781",30.4887532824,-101.7880816385
2017-06-30,2017,6,30,"Val Verde County, US-TX, US",30.0513392785,-101.6832690356
2017-06-26,2017,6,26,"Seminole Canyon State Park, Comstock, TX, US",29.7004616667,-101.3132333333
2017-07-01,2017,7,1,"Kent County, TX, USA",33.0476789543,-100.5294942856
2017-07-01,2017,7,1,"Kent County, TX, USA",33.0665751929,-100.5343866348
2017-07-01,2017,7,1,"Kent County, TX, USA",33.093280108,-100.53378582
2017-07-01,2017,7,1,"Kent County, TX, USA",33.096734206,-100.5337965488
2017-07-01,2017,7,1,"Scurry County, TX, USA",32.9644259801,-100.9733998775
2017-07-01,2017,7,1,"Kent County, TX, USA",33.0471521373,-100.9592485428
2017-07-01,2017,7,1,"Kent County, TX, USA",33.0607899081,-100.5301380157
2017-06-30,2017,6,30,"78837, Comstock, TX, US",30.050975,-101.7180466667
2017-07-02,2017,7,2,"Texas, US",30.8674906143,-101.1702809296
2017-07-02,2017,7,2,"Texas, US",30.8823393742,-101.0396566645
2017-06-29,2017,6,29,"Taylor, Texas, United States",32.2577888889,-99.9757777778
2017-06-24,2017,6,24,"100–200 N 12th St, Carrizo Springs, TX, US",28.5240222281,-99.8659673265
2017-06-28,2017,6,28,"US-385 S, Marathon, TX, US",30.2418833333,-103.2073133333
2017-06-27,2017,6,27,"Scurry County, TX, USA",32.6961242445,-100.6725311279
2017-06-27,2017,6,27,"Kent County, TX, USA",33.0503791763,-100.7404232025
2017-06-27,2017,6,27,"Kent County, TX, USA",33.0239827423,-100.7063484192
2017-06-26,2017,6,26,"Kent County, TX, USA",33.0425347545,-100.5222845078
2009-06-16,2009,6,16,"Texas, US",29.8013424594,-103.6927821132
2017-06-25,2017,6,25,"1560–1648 FM 1217, Dryden, TX, US",30.2488633333,-102.0187833333
2017-06-23,2017,6,23,"Longfellow Rd, Fort Stockton, TX, US",30.21932,-102.68553
2017-06-23,2017,6,23,"Pecos County, US-TX, US",30.219355,-102.6855166667
2017-06-23,2017,6,23,"Pecos County, US-TX, US",30.219314606,-102.6854956337
2017-06-24,2017,6,24,"Brewster County, US-TX, US",30.2020883333,-102.9386533333
2017-06-22,2017,6,22,"Texas, US",30.4701193798,-104.3509001042
2017-06-23,2017,6,23,"TX-290, Sheffield, TX, US",30.6906567654,-101.8188805227
2017-06-23,2017,6,23,"TX-290, Sheffield, TX, US",30.6897910824,-101.8156147656
2017-06-23,2017,6,23,"US-385 S, Marathon, TX, US",30.2530116667,-103.1999883333
2017-06-21,2017,6,21,"76943, Ozona, TX, US",30.930319569,-101.1771667888
2017-06-22,2017,6,22,"RM 505, Valentine, TX, US",30.521975,-104.400695
2017-06-22,2017,6,22,"Texas, US",30.8344529968,-101.1646548988
2017-06-21,2017,6,21,"County Road 109, Eldorado, TX, US",30.8249402186,-100.7395443601
2017-06-20,2017,6,20,"79731, Crane, TX, US",31.230295,-102.3166666667
2017-06-19,2017,6,19,"Cottle County, TX, USA",34.1337195215,-100.4690694809
2017-06-18,2017,6,18,"State Highway 163, Sterling City, TX, US",31.727695,-101.0394055
2017-06-16,2017,6,16,"76943, Ozona, TX, US",30.9211416667,-101.185355
2017-06-15,2017,6,15,"Fisher County, TX, USA",32.8959249796,-100.3258180618
2017-06-15,2017,6,15,"Fisher County, TX, USA",32.913880999,-100.343542099
2017-06-12,2017,6,12,"Schleicher County, US-TX, US",30.8876126726,-100.7175384277
2017-06-10,2017,6,10,"Haskell County, TX, USA",33.0085972222,-99.8481444444
2017-06-10,2017,6,10,"US-90 E, Fort Stockton, TX, US",30.157984,-102.627309
2017-06-08,2017,6,8,"Dump Ground Road Crane, TX 79731",31.43908116,-102.37914298
2017-06-08,2017,6,8,"Texas, US",32.7351697403,-102.3485139099
2017-06-08,2017,6,8,"Texas, US",30.9102345855,-101.1917564155
2017-06-07,2017,6,7,"3100-3108 Colgate Street Lubbock, TX 79415",33.6021851183,-101.882753223
2017-06-06,2017,6,6,"Presidio County, US-TX, US",30.217447069,-104.1591714367
2017-06-04,2017,6,4,"Texas, US",30.0805471307,-102.3781443634
2017-06-04,2017,6,4,"Terrell County, US-TX, US",30.0937755918,-102.1930413582
2017-06-06,2017,6,6,"Stonewall County, TX, USA",33.1055754263,-100.3399801254
2017-06-06,2017,6,6,"Stonewall County, TX, USA",33.1085718793,-100.5157613754
2017-06-06,2017,6,6,"Kent County, TX, USA",33.0613833613,-100.7651853561
2017-06-05,2017,6,5,"Kent County, TX, USA",33.0077533465,-100.5883312225
2017-06-05,2017,6,5,"Kent County, TX, USA",33.0961204072,-100.5336356163
2017-06-04,2017,6,4,"Kent County, TX, USA",33.0979296127,-100.5336248875
2017-05-26,2017,5,26,"County Road 203, Ozona, TX, US",30.804475,-101.0968388333
2017-06-05,2017,6,5,"County Road 299, Floydada, TX, US",33.8629083333,-101.086625
2017-05-29,2017,5,29,"76943, Ozona, TX, US",30.934212171,-101.1946883937
2017-06-02,2017,6,2,"506 W Alamo St, Carrizo Springs, TX, US",28.5237348611,-99.8604735686
2017-06-01,2017,6,1,"Kenedy County, TX, USA",26.7542816667,-97.602445
2017-06-03,2017,6,3,"Sutton County, US-TX, US",30.403339332,-100.9560879787
2017-04-28,2017,4,28, Dos Haches,27.00094,-98.276636
2017-06-01,2017,6,1,"76943, Ozona, TX, US",30.9974378581,-101.0940516741
2017-05-31,2017,5,31,"Texas, US",32.6295160844,-102.3352454666
2017-05-30,2017,5,30,"188–204 FM 889, George West, TX, US",28.248733,-98.260461
2017-05-25,2017,5,25,Jim Hogg County TX,26.9113292694,-98.9106674194
2017-05-26,2017,5,26,"County Road 203, Ozona, TX, US",30.8034883333,-101.0915971667
2017-05-26,2017,5,26,"County Road 203, Ozona, TX, US",30.821255,-101.1087638333
2017-05-26,2017,5,26,"Texas, US",30.9561844799,-101.0967478566
2017-05-26,2017,5,26,"Texas, US",30.9623663225,-101.031678614
2017-05-25,2017,5,25,"Texas, US",30.8111085988,-101.1411044854
2017-05-25,2017,5,25,"76943, Ozona, TX, US",31.0170916667,-101.0091166667
2017-05-25,2017,5,25,"76943, Ozona, TX, US",30.9970283333,-101.0577916667
2017-05-25,2017,5,25,"County Road 203, Ozona, TX, US",30.82123,-101.1087888333
2017-05-25,2017,5,25,"County Road 203, Ozona, TX, US",30.819445,-101.10785
2017-05-24,2017,5,24,"County Road 203, Ozona, TX, US",30.8092633333,-101.1028445
2017-05-24,2017,5,24,"76943, Ozona, TX, US",30.7967366667,-101.0670166667
2017-05-27,2017,5,27,"Texas, US",30.9931619594,-101.0040476323
2017-05-26,2017,5,26,"76930, Barnhart, TX, US",31.273975,-101.2432633333
2017-05-24,2017,5,24,"Stonewall County, TX, USA",33.0571527358,-100.5050110817
2017-05-24,2017,5,24,"Stonewall County, TX, USA",33.0478768019,-100.5013632774
2017-05-18,2017,5,18,"La Salle County, TX, USA",28.0465948091,-99.3664294481
2017-05-19,2017,5,19,"6766-7550 U.S. 67 San Angelo, TX 76904",31.4170402602,-100.5336478231
2017-05-18,2017,5,18,"Texas, US",31.0395414353,-100.8488275549
2017-05-18,2017,5,18,"Texas, US",31.1107901419,-100.985866927
2017-05-18,2017,5,18,"Texas, US",30.9084195965,-101.122458865
2017-05-18,2017,5,18,"Texas, US",31.0983370338,-101.0948776139
2017-05-18,2017,5,18,"76943, Ozona, TX, US",31.0034070723,-101.1512484402
2017-05-18,2017,5,18,"Texas, US",30.981213051,-101.1548785306
2017-05-18,2017,5,18,"Texas, US",30.8196355416,-101.1758561304
2017-05-17,2017,5,17,"Texas, US",30.8845623788,-101.0977410106
2017-05-15,2017,5,15,"Brownsville, TX, USA",26.0198516667,-97.4750683333
2017-05-15,2017,5,15,"Texas, US",27.9069582964,-98.4082079835
2017-05-14,2017,5,14,"Standart Road Brackettville, TX 78832",29.3021932958,-100.6045959357
2017-05-14,2017,5,14,"County Road K, Canadian, TX, US",35.889453711,-100.1824520622
2017-05-10,2017,5,10,"Crockett County, US-TX, US",30.9373865689,-101.1967681417
2017-05-13,2017,5,13,"US-90 W, Marathon, TX, US",30.203349,-102.952161
2017-05-10,2017,5,10,"Eagle Pass, TX 78852",28.8926957399,-100.5184349292
2017-05-05,2017,5,5,"Val Verde County, US-TX, US",29.9462059516,-101.7368667438
2017-05-05,2017,5,5,"Val Verde County, US-TX, US",29.9481774874,-101.7360807686
2017-05-04,2017,5,4,"76936, Eldorado, TX, US",31.030883114,-100.937946974
2017-05-07,2017,5,7,"FM 1258, Claude, TX, US",34.9871022301,-101.4060985298
2017-05-06,2017,5,6,"11429 Twin Lakes Lane San Angelo, TX 76904",31.3181256459,-100.5923599536
2017-05-06,2017,5,6,"79256, Roaring Springs, TX, US",33.8540933052,-100.8578840633
2017-04-28,2017,4,28,"Webb County, TX, USA",27.9144439697,-99.8466644287
2017-05-05,2017,5,5,"El Paso, TX, USA",31.642001238,-106.3049930334
2017-05-04,2017,5,4,"Cottle County, TX, USA",34.16042809,-100.4185152054
2017-05-04,2017,5,4,"Kent County, TX, USA",33.0968574325,-100.533721447
2017-04-22,2017,4,22,"79322, Crosbyton, TX, US",33.4647219602,-101.1079745023
2017-04-29,2017,4,29,"Webb County, TX, USA",27.8649294975,-99.8718810081
2017-04-29,2017,4,29,"Laredo, TX 78045",27.9144439697,-99.8466644287
2017-04-30,2017,4,30,"11793–12511 Sutton Rd, San Angelo, TX, US",31.6498105182,-100.4887410534
2017-04-26,2017,4,26,"Taylor Rd, Ozona, TX, US",30.7353678905,-101.0663748813
2017-04-22,2017,4,22,"2701–2831 FM 2794, Crosbyton, TX, US",33.4825666667,-101.1235278333
2017-04-26,2017,4,26,"La Pryor, TX 78872",28.9305948471,-99.9131568395
2017-04-26,2017,4,26,Zavala County TX,28.9302445679,-99.9230376258
2017-04-26,2017,4,26,"La Pryor, TX 78872",28.9298749973,-100.0250865201
2017-04-21,2017,4,21,"51820–51830 State Highway 118, Alpine, TX, US",29.580392,-103.556582
2017-04-21,2017,4,21,"FM 193, Dickens, TX, US",33.7658272703,-100.8575687746
2017-04-14,2017,4,14,"Texas, US",30.1374003937,-97.0193992115
2017-04-10,2017,4,10,"Kent County, TX, USA",33.0491358232,-100.528485775
2017-04-12,2017,4,12,"US Highway 57, La Pryor, TX, US",28.93057,-99.9240633333
2017-04-09,2017,4,9,"2407 East Holland Avenue Alpine, TX 79830",30.36516536,-103.63928252
2017-03-31,2017,3,31,"Coke County, US-TX, US",32.0062846458,-100.5494379346
2017-03-26,2017,3,26,My Ranch,28.894012,-98.655295
2017-03-26,2017,3,26,"78011, Charlotte, TX, US",28.8945011015,-98.6555946806
2011-05-29,2011,5,29,"Brewster County, TX, USA",30.3172261376,-103.625892698
1988-05-14,1988,5,14,"Brownsville, TX, USA",26.1710037412,-97.3401742774
1988-05-14,1988,5,14,"Unnamed Road Los Fresnos, TX 78566",26.2382419687,-97.363886162
2011-06-02,2011,6,2,"Pinto Canyon Rd, Marfa, TX, US",30.2588333333,-104.1541666667
2015-06-28,2015,6,28,"Culberson County, TX, USA",31.9102039526,-104.7997748852
2014-06-02,2014,6,2,"Val Verde County, TX, USA",29.723865098,-100.9654390812
2016-06-11,2016,6,11,"Wichita County, TX, USA",33.9860717902,-98.9072942734
2008-07-11,2008,7,11,"San Angelo, TX, USA",31.4144331941,-100.4316365719
2007-10-04,2007,10,4,"Tom Green County, TX, USA",31.3881569314,-100.225962102
2007-10-04,2007,10,4,"Tom Green County, TX, USA",31.3881431933,-100.2256536484
2014-06-02,2014,6,2,"Terrell County, TX, USA",30.5371397664,-102.044198065
2010-06-09,2010,6,9,"Terrell County, TX, USA",30.3965824197,-102.1848517656
2007-06-06,2007,6,6,"Terrell County, TX, USA",30.4004690608,-102.301244884
2010-05-05,2010,5,5,"Sterling County, TX, USA",31.8046341224,-100.943577736
2014-07-08,2014,7,8,"Lynn County, TX, USA",33.2834046852,-101.9443541765
2013-06-28,2013,6,28,"Jeff Davis County, TX, USA",30.5475015555,-104.270363152
2014-06-02,2014,6,2,"Crockett County, US-TX, US",30.6664778085,-101.6654020208
2013-06-28,2013,6,28,"Jeff Davis County, TX, USA",30.5442075251,-104.282787144
2009-05-04,2009,5,4,"Irion County, TX, USA",31.1247965585,-101.185747683
2013-06-27,2013,6,27,"Jeff Davis County, TX, USA",30.5253975334,-104.387108981
2016-11-03,2016,11,3,"McLennan County, US-TX, US",31.54070677,-97.21564355
2015-09-20,2015,9,20,"6323 FM1294, Lubbock, TX 79415",33.693791,-101.954351
2016-07-23,2016,7,23,"East Mountain El Paso, TX 79938",31.9264056415,-106.042487248
2016-10-09,2016,10,9,"Crane County, US-TX, US",31.39966136,-102.34939441
2016-10-01,2016,10,1,"Mason County, TX, USA",30.8537294029,-99.2281723022
2016-05-24,2016,5,24,"La Salle County, TX, USA",28.3633008333,-99.0118027778
2016-09-10,2016,9,10,"Texas, US",30.4401305528,-102.3742336867
2015-07-25,2015,7,25,"79502, Aspermont, TX, US",33.0513719943,-100.5129550281
2016-06-19,2016,6,19,"79549, Snyder, TX, US",33.0557936053,-100.5263766417
2016-07-17,2016,7,17,"79549, Snyder, TX, US",33.0350709606,-100.5235627266
2016-06-05,2016,6,5,"79549, Snyder, TX, US",33.0838905844,-100.5371762232
2016-09-03,2016,9,3,"79502, Aspermont, TX, US",33.0471178006,-100.5092616171
2016-09-02,2016,9,2,"79502, Aspermont, TX, US",33.0417865865,-100.5065780764
2016-08-27,2016,8,27,"79415, Lubbock, TX, US",33.6256359075,-101.8907222444
2016-08-25,2016,8,25,"Texas, US",30.8362593348,-101.0051212464
2016-08-03,2016,8,3,"Texas, US",31.8999514376,-102.4977820701
2016-07-13,2016,7,13,"Texas, US",34.0944013624,-101.262768883
2016-08-20,2016,8,20,"Texas, US",32.6001095661,-102.2218319179
2016-08-20,2016,8,20,"Texas, US",27.8423314465,-98.0783392712
2016-08-19,2016,8,19,Duval county texas,27.998191,-98.245625
2016-08-19,2016,8,19,Duval county texas,28.016321,-98.23656
2011-04-07,2011,4,7,"Zapata County, TX, USA",27.002874309,-99.1087388992
2013-04-17,2013,4,17,"Webb County, TX, USA",27.3356666667,-98.9671666667
2016-05-30,2016,5,30,"La Salle County, TX, USA",28.1616111027,-99.0623474121
2016-08-16,2016,8,16,"Randall County, US-TX, US",34.98180712,-101.95720893
2016-08-14,2016,8,14,"79415, Lubbock, TX, US",33.6275683324,-101.8871061682
2016-08-13,2016,8,13,"11429 Twin Lakes Lane San Angelo, TX 76904",31.3178212409,-100.592077506
2016-07-01,2016,7,1,"McCulloch, Texas, United States",31.2854444444,-99.3356472222
2016-07-01,2016,7,1,"Randall County, TX, USA",34.960017689,-101.675183773
2016-05-26,2016,5,26,"Gaines County, TX, USA",32.6957801544,-102.258454263
2016-07-30,2016,7,30,"Texas, US",33.9933418686,-102.6122593414
2016-08-04,2016,8,4,"4600 W Yucca Dr, Amarillo, TX, US",35.27267,-101.8894366667
2016-08-05,2016,8,5,"Rita Blanca National Grassland, Texline, TX, US",36.3629633333,-102.795945
2016-07-30,2016,7,30,"Texas, US",33.9402074908,-102.6487280442
2016-08-06,2016,8,6,"79415, Lubbock, TX, US",33.6286883333,-101.890075
2016-07-30,2016,7,30,"11429 Twin Lakes Lane San Angelo, TX 76904",31.3178823265,-100.5924622641
2016-07-30,2016,7,30,"79415, Lubbock, TX, US",33.6333,-101.8964216667
2016-07-23,2016,7,23,"Texas, US",34.4575443159,-101.1760556252
2016-07-28,2016,7,28,"Quitaque, TX 79255",34.4604783785,-101.0314073414
2016-07-27,2016,7,27,"Unnamed Road Cee Vee, TX 79223",34.1228266638,-100.4043179378
2016-07-22,2016,7,22,"RM 2400, Fort Stockton, TX, US",30.361175,-102.3880083333
2016-07-24,2016,7,24,"79415, Lubbock, TX, US",33.630295,-101.890075
2016-07-21,2016,7,21,Potter County TX,35.5595258934,-101.7408459261
2016-07-16,2016,7,16,"Texas, US",33.6817826087,-101.9086020559
2016-07-17,2016,7,17,"Frio County, US-TX, US",28.709832,-98.973365
2016-07-18,2016,7,18,"11429 Twin Lakes Lane San Angelo, TX 76904",31.3179649234,-100.5923179342
2016-07-10,2016,7,10,"78372, Orange Grove, TX, US",27.9846283333,-98.0582666667
2016-07-11,2016,7,11,"1032 Santa Fe Trail Canyon, TX 79015",34.9704856873,-101.9436035156
2016-07-07,2016,7,7,"Ozona, TX 76943",30.9371700287,-101.1848068237
2016-07-09,2016,7,9,"Cas Johnson Road Fritch, TX 79036",35.55657232,-101.64291565
2016-06-25,2016,6,25,"Hidalgo County, TX, USA",26.4656319,-98.2212979
2016-06-25,2016,6,25,"Hidalgo County, TX, USA",26.4656319,-98.2212979
2016-06-25,2016,6,25,"Hidalgo County, TX, USA",26.4656319,-98.2212979
2016-07-06,2016,7,6,"Eldorado, TX 76936",30.8597240714,-100.7141338661
2016-07-04,2016,7,4,"Terrell County, TX, USA",30.1615111111,-102.5135277778
2016-07-01,2016,7,1,"Jeff Davis County, US-TX, US",30.5368783333,-104.3324883333
2007-06-04,2007,6,4,"Lighthouse Trail Canyon, TX 79015",34.9513246813,-101.6692946479
2016-06-28,2016,6,28,San Angelo State Park,31.525103,-100.56102
2016-06-22,2016,6,22,"98th St Lubbock, TX 79424",33.505153656,-101.966003418
2016-06-18,2016,6,18,"621 DeWitt St, Kenedy, TX, US",28.81007,-97.8423
2016-06-21,2016,6,21,"Texas, US",34.1475263194,-99.2760983492
2016-06-22,2016,6,22,"FM 469, Cotulla, TX, US",28.3183283333,-99.0813611667
2016-06-22,2016,6,22,Big Spring State Park ,32.230149,-101.487699
2016-06-21,2016,6,21,"Crockett County, US-TX, US",30.9974689484,-101.0956802368
2016-06-18,2016,6,18,"Texas, US",28.4581264454,-98.7185330506
1983-05-07,1983,5,7,"Diablo Heights, near Rough Canyon, Val Verde County, Texas",29.642559,-100.916605
2016-06-16,2016,6,16,"Spur, TX 79370",33.5413742693,-100.974037908
2016-06-18,2016,6,18,"US-277 N, Eldorado, TX, US",30.8096772759,-100.6218719949
2016-06-16,2016,6,16,"Texas, US",32.1638073956,-102.7230781929
2016-06-15,2016,6,15,Co. Rd. F near Palo Duro Reservoir,36.4313,-101.1568
2016-06-15,2016,6,15,FM 3214 near Palo Duro Reservoir,36.3649,-101.1955
2016-06-14,2016,6,14,"Terrell County, US-TX, US",30.4626137624,-102.1127056238
2016-06-12,2016,6,12,"Presidio County, US-TX, US",30.1114050188,-104.0278038026
2016-06-12,2016,6,12,"Monahans Sand Hills State Park, Monahans, TX, US",31.6217070446,-102.8104727437
2016-06-12,2016,6,12,"382 FM 2744, Sweetwater, TX, US",32.5773614366,-100.3484570795
2016-05-28,2016,5,28,"382 FM 2744, Sweetwater, TX, US",32.5778284762,-100.3490812798
2016-05-07,2016,5,7,"382 FM 2744, Sweetwater, TX, US",32.577051,-100.348439
2016-04-26,2016,4,26,"79532, Loraine, TX, US",32.445611,-100.746376
2016-05-21,2016,5,21,"382 FM 2744, Sweetwater, TX, US",32.577674,-100.349372
2016-06-12,2016,6,12,"Jeff Davis County, US-TX, US",30.7242095657,-104.6716346127
2016-06-09,2016,6,9,"Standard Ln, Brackettville, TX, US",29.3114666667,-100.6009916667
2016-06-09,2016,6,9,"Medina County, Texas, United States",29.230238,-98.94997
2016-06-12,2016,6,12,"Winkler County, US-TX, US",31.7494291021,-102.8601081111
2016-06-11,2016,6,11,"Andrews County, US-TX, US",32.1479318943,-102.6130351705
2016-06-10,2016,6,10,"79843, Marfa, TX, US",29.756755,-104.0091777833
2016-06-10,2016,6,10,"Reeves, Texas, United States",30.9893716667,-103.70814
2016-06-02,2016,6,2,Hueco Tanks State Park,31.926843,-106.042629
2015-04-18,2015,4,18,"Midland County, US-TX, US",31.966371,-102.118035
2016-06-09,2016,6,9,"Texas, US",32.0436508638,-102.8366832146
2016-06-09,2016,6,9,"5000–5326 County Road 2128, Snyder, TX, US",32.85723,-100.977555
2016-06-09,2016,6,9,"Scurry County, US-TX, US",32.8509589937,-100.9437616357
2014-09-27,2014,9,27,"Midland County, US-TX, US",31.962632,-102.12071
2014-09-08,2014,9,8,"Midland County, US-TX, US",31.967367,-102.119514
2014-06-20,2014,6,20,"Midland County, US-TX, US",31.964699,-102.122014
2014-04-23,2014,4,23,"Midland County, US-TX, US",31.966057,-102.123142
2016-06-08,2016,6,8,"FM 2895, Laredo, TX, US",27.5996866667,-99.0597695
2016-06-08,2016,6,8,"TX-17, Balmorhea, Reeves County, TX, US",30.95567,-103.76883
2014-05-17,2014,5,17,"Culberson, Texas, United States",31.9216138889,-104.4960333333
2015-06-12,2015,6,12,"Presidio, Texas, United States",30.2606222222,-104.1490555556
2015-06-12,2015,6,12,"Presidio, Texas, United States",30.1927638889,-104.2639305556
2015-06-12,2015,6,12,"Presidio, Texas, United States",30.2416444444,-104.1751333333
2015-06-12,2015,6,12,"Presidio, Texas, United States",30.2499361111,-104.1647194444
2015-06-11,2015,6,11,"Brewster, Texas, United States",30.1937166667,-103.2477333333
2016-05-08,2016,5,8,"Terrell, Texas, United States",30.1448777778,-102.3993305556
2016-06-07,2016,6,7,"FM 2083, Ozona, TX, US",30.5206838809,-101.3718238381
2016-06-05,2016,6,5,"2558–2590 Walnut Rd, Robert Lee, TX, US",31.7180484577,-100.7883487147
2016-06-04,2016,6,4,"sheffield, tx",30.690747,-101.822819
2016-06-04,2016,6,4,"Terlingua Ranch Rd, Alpine, TX, US",29.5482666667,-103.5260616667
2016-06-05,2016,6,5,"76932, Big Lake, TX, US",31.6101466667,-101.6077583333
2016-06-05,2016,6,5,"700–798 N Avenue I, Marathon, TX, US",30.2118633333,-103.2380916667
2016-06-05,2016,6,5,"2531–2557 Walnut Rd, Robert Lee, TX, US",31.7346383333,-100.7854783333
2016-06-05,2016,6,5,"Live Oak Rd, Ozona, TX, US",30.7366854418,-101.6605690029
2016-06-05,2016,6,5,"TX-290, Sheffield, TX, US",30.6882309169,-101.8136482873
2016-06-04,2016,6,4,"Spur, TX 79370",33.5054146505,-100.9359227121
2016-06-04,2016,6,4,"Terrell County, US-TX, US",30.182772358,-102.0463767742
2016-06-04,2016,6,4,"US-90 E, Marathon, TX, US",30.1737605967,-102.7418817022
2016-06-04,2016,6,4,"Presidio County, US-TX, US",29.7181884852,-104.5297899284
2016-06-03,2016,6,3,"Pinto Canyon Rd, Marfa, TX, US",30.2734866667,-104.1196221667
2016-06-04,2016,6,4,"Terrell County, US-TX, US",30.1420804393,-102.3926554062
2016-06-03,2016,6,3,"Pinto Canyon Rd, Marfa, TX, US",30.2735016402,-104.1195851193
2016-06-03,2016,6,3,"Pecos County, US-TX, US",30.3790966667,-102.8828716667
2016-06-03,2016,6,3,"Pecos County, US-TX, US",30.3792293743,-102.8828986735
2016-06-02,2016,6,2,"78834, Carrizo Springs, TX, US",28.3114709057,-100.0585002615
2016-05-30,2016,5,30,"Texas, US",31.7386233408,-102.99126417
2016-05-29,2016,5,29,"Texas, US",32.0098756514,-102.9201077064
2016-05-25,2016,5,25,"Cottle County, US-TX, US",34.121104,-100.365053
2016-05-30,2016,5,30,"Texas, US",32.2290429888,-101.6618357414
2016-05-22,2016,5,22,"Texas, US",33.8266123739,-101.8836252367
2016-05-30,2016,5,30,"Standard Ln, Brackettville, TX, US",29.2202833333,-100.4880133333
2016-05-28,2016,5,28,"3873–4885 State Highway 131, Quemado, TX, US",28.9054966667,-100.512405
2016-05-28,2016,5,28,"Standard Ln, Brackettville, TX, US",29.31402,-100.6009616667
2016-05-29,2016,5,29,"Pinto Canyon Rd, Marfa, TX, US",30.272445,-104.1219721667
2016-05-28,2016,5,28,"Texas, US",32.1358433768,-102.6260030893
2016-05-27,2016,5,27,"Texas, US",32.0659782348,-102.7724016177
2016-05-20,2016,5,20,"Texas, US",30.0604153008,-97.1188687269
2016-05-18,2016,5,18,"Kinney County, US-TX, US",29.1788113315,-100.4200202809
2016-05-17,2016,5,17,"Crockett County, US-TX, US",30.9344444275,-101.193611145
2016-05-17,2016,5,17,"Crockett County, US-TX, US",30.9361114502,-101.1966629028
2016-05-17,2016,5,17,"Reagan County, US-TX, US",31.19084785,-101.46668196
2016-05-11,2016,5,11,"Denver City, tx",32.956834,-102.824521
2016-05-07,2016,5,7,"Frio County, US-TX, US",28.73076,-98.940755
2016-05-07,2016,5,7,"Frio County, US-TX, US",28.718822,-98.939074
2016-05-07,2016,5,7,"County Road 2275, Eden, TX, US",31.1344352039,-100.0626100414
2016-05-06,2016,5,6,"Aransas County, US-TX, US",27.9667663574,-97.1678924561
2016-05-06,2016,5,6,"Aransas County, US-TX, US",27.9666919708,-97.1679840088
2016-05-05,2016,5,5,"Alpha Rd Claude, TX 79019",35.1778639937,-101.408040449
2016-05-05,2016,5,5,"US-277 N, Eldorado, TX, US",30.8475133333,-100.6150133333
2016-05-02,2016,5,2,"Hueco Tanks Park El Paso, TX 79938",31.9249552366,-106.0419970751
2016-04-27,2016,4,27,"Texas, US",26.5792771096,-99.1989088132
2016-04-30,2016,4,30,"County Road 254, Rowena, TX, US",31.5806216667,-100.0521471667
2016-04-28,2016,4,28,"Schleicher County, US-TX, US",30.858006,-100.714096
2016-04-28,2016,4,28,"12251–12477 Robby Jones Rd, San Angelo, TX, US",31.3314583333,-100.3492283333
2016-04-28,2016,4,28,"Texas, US",30.9016322425,-100.6266868771
2016-04-28,2016,4,28,"Midland County, US-TX, US",31.9054727722,-101.9106818923
2016-04-23,2016,4,23,"1000–1098 Copano St, Kenedy, TX, US",28.80855,-97.846656
2016-04-23,2016,4,23,"Stonewall County, US-TX, US",33.2091107924,-100.4295571893
2016-04-23,2016,4,23,"Brackettville, TX 78832",29.2610869896,-100.457996886
2016-04-15,2016,4,15,"382 FM 2744, Sweetwater, TX, US",32.577513,-100.349286
2016-04-21,2016,4,21,"79506, Blackwell, TX, US",32.183736303,-100.200880377
2016-04-19,2016,4,19,"79506, Blackwell, TX, US",32.183226221,-100.2007857693
2016-04-17,2016,4,17,Independence Creek Preserve,30.47685,-101.79261
2016-04-16,2016,4,16,"Starr County, US-TX, US",26.7795562744,-98.628364563
2016-04-11,2016,4,11,"Unnamed Rd Sweetwater, TX 79556",32.3783340454,-100.2913894653
2016-04-09,2016,4,9,Midland Tx My back yard ,31.930366,-102.056597
2016-04-10,2016,4,10,"County Road 408, Eldorado, TX, US",30.873555,-100.7176283333
2015-05-28,2015,5,28,Hueco Tanks State Park,31.920385,-106.038588
2014-07-06,2014,7,6,Hueco Tanks State Park,31.916371,-106.043445
2016-04-08,2016,4,8,"El Paso, TX 79938",31.915536012,-106.0456230864
2016-04-02,2016,4,2,"Texas, US",26.4813277633,-98.8014192978
2016-04-03,2016,4,3,"Frio County, US-TX, US",28.724952,-98.942898
2016-04-02,2016,4,2,"Frio County, US-TX, US",28.724832,-98.942988
2016-03-30,2016,3,30,"mt lucas, texas",28.186952,-97.94639
2016-03-17,2016,3,17,"804 Saint Mary St, Kenedy, TX, US",28.811616,-97.84689
2015-08-11,2015,8,11,"Tom Green County, US-TX, US",31.628966,-100.670595
2015-09-04,2015,9,4,High Lonesome Ranch,31.763115,-100.715071
2015-10-10,2015,10,10,High Lonesome Ranch,31.76332,-100.720103
2014-06-15,2014,6,15,"Hopewell Rd, Bellevue, TX, US",33.6691603797,-97.9800950919
2014-06-10,2014,6,10,"13538–13698 County Road 1700, Lubbock, TX, US",33.4694305708,-101.9565767033
2014-06-10,2014,6,10,"13798–13920 County Road 1700, Lubbock, TX, US",33.4683190829,-101.9567815676
2010-05-30,2010,5,30,"Texas, US",32.6075994739,-102.3188178372
2010-08-16,2010,8,16,"Texas, US",32.7752576349,-102.2946512717
2010-06-20,2010,6,20,"Texas, US",32.6514697582,-102.3486053404
2010-05-24,2010,5,24,"Texas, US",32.6323904015,-102.3022294
2013-07-31,2013,7,31,"Texas, US",32.7641213112,-102.3799219001
2011-05-08,2011,5,8,"Texas, US",32.6592116067,-102.3522142961
2009-04-19,2009,4,19,"Texas, US",32.759584726,-102.2107120272
2009-08-08,2009,8,8,"Midland, Texas",32.005165,-102.088394
2015-07-13,2015,7,13,Briscoe County,34.447706,-101.082684
2009-05-21,2009,5,21,"Texas, US",32.6237914877,-102.2849781878
2015-04-18,2015,4,18,"Randall County, US-TX, US",34.907709,-102.121535
2014-09-02,2014,9,2,Starr County,26.514646,-98.611879
2011-08-03,2011,8,3,Culberson County,31.299901,-104.565973
2011-08-02,2011,8,2,Jeff Davis County,30.545365,-104.310776
2011-07-24,2011,7,24,Dimmit County,28.573987,-99.634499
2011-05-28,2011,5,28,Childress County,34.343276,-100.093105
2011-05-26,2011,5,26,Lipscomb County,36.139139,-100.457011
2010-03-25,2010,3,25,Frio County,28.79083333,-99.3346
2009-06-08,2009,6,8,Hidalgo County,26.526301,-98.076217
2009-06-08,2009,6,8,Hidalgo County,26.571525,-98.165824
2015-10-21,2015,10,21,Laguna Atascosa,26.016097,-97.347942
2015-09-04,2015,9,4,"US Highway 83, Aspermont, TX, US",33.124315,-100.225193
2015-10-10,2015,10,10,"Memorial Park Rockport, Texas",28.041817,-97.061163
2011-08-26,2011,8,26,"Texas, US",30.6306373084,-97.0249049971
2015-08-30,2015,8,30,"County Road 449, Alice, TX, US",27.6247366667,-98.1479945
2015-06-11,2015,6,11,"5025 S Padre Island Dr, Corpus Christi, TX, US",27.712288,-97.380839
2015-04-18,2015,4,18,"Texas, US",35.4868543593,-101.6264058671
2015-07-10,2015,7,10,lubbock lake landmark,33.628104,-101.892143
2015-08-15,2015,8,15,"Texas, US",33.6702659231,-101.8915613444
2015-10-09,2015,10,9,chihuahuan desert research,30.541339,-103.849897
2015-10-03,2015,10,3,,34.97366904,-101.67644217
2015-08-07,2015,8,7,Fort Worth,32.755488,-97.330766
2015-09-22,2015,9,22,"701 W Sul Ross Ave, Alpine, TX, US",30.357579,-103.668277
2015-09-21,2015,9,21,"78861, Hondo, TX, US",29.198652,-99.076834
2015-09-19,2015,9,19,"Burkburnett, TX 116 N Ave F ",34.094905,-98.566554
2015-09-15,2015,9,15,"Brewster County, US-TX, US",30.361336,-103.715211
2015-09-17,2015,9,17,"500–598 Avenue E N, Marathon, TX, US",30.210379,-103.243556
2015-09-08,2015,9,8,"La Salle County, US-TX, US",28.1783695221,-99.3167190552
2015-09-04,2015,9,4,"Texas, US",27.8767117966,-98.4657511917
2015-09-04,2015,9,4,"Texas, US",33.8490692666,-99.1020269249
2015-08-26,2015,8,26,Smiling Dog Farm,32.287735,-101.464007
2015-08-21,2015,8,21,"Williamson County, US-TX, US",30.58697778,-97.4121152
2015-08-21,2015,8,21,"78357, Freer, TX, US",28.044342,-98.499153
2015-08-12,2015,8,12,"Texas, US",26.8840399089,-99.0095118707
2015-08-19,2015,8,19,"Texas, US",35.2869327442,-101.965950977
2015-08-15,2015,8,15,"Hunting Land near Freer,Texas",27.994685,-98.421586
2015-08-17,2015,8,17,"Terrell County, US-TX, US",30.3448677063,-101.9315414429
2015-08-05,2015,8,5,"2558–2590 Walnut Rd, Robert Lee, TX, US",31.715684,-100.79104
2015-08-01,2015,8,1,"Hatchel, Tx",31.849605,-99.971037
2015-08-05,2015,8,5,"Devils River, Val Verde County, Texas",29.78719,-100.984325
2015-04-26,2015,4,26,"Texas, United States",28.299171,-99.410615
2015-07-27,2015,7,27,Linn tx,26.580564,-98.112974
2015-06-28,2015,6,28,"Clay County, Texas",34.098835,-98.277683
2015-07-26,2015,7,26,My Home Place,32.36268,-100.311904
2015-07-25,2015,7,25,"Texas, US",33.8337811939,-98.6642010369
2015-07-03,2015,7,3,"Texas, US",33.178939,-99.656982
2015-07-19,2015,7,19,"Texas, US",31.5023782863,-102.7193758125
2015-07-20,2015,7,20,Canyon Texas,34.987844,-101.937466
2015-07-17,2015,7,17,West Odessa,31.842347,-102.498757
2015-07-09,2015,7,9,"Texas, US",27.6363214129,-98.4559268929
2015-07-09,2015,7,9,"RM 505, Valentine, TX, US",30.545818,-104.316158
2015-07-09,2015,7,9,"Texas, US",32.1870159426,-102.6014768617
2015-07-08,2015,7,8,"US-90 E, Marfa, TX, US",30.507983,-104.397453
2015-07-06,2015,7,6,"Texas, US",31.7596246362,-102.9954383017
2015-07-03,2015,7,3,"Webb County, US-TX, US",27.46004,-98.837601
2015-07-04,2015,7,4,"Winkler County, US-TX, US",31.74227,-102.8784416667
2015-07-04,2015,7,4,"Winkler County, US-TX, US",31.7078533333,-102.8857116667
2015-07-05,2015,7,5,Mansfield texas,32.596579,-97.143485
2015-07-02,2015,7,2,"Texas, US",32.1918013148,-102.6790491869
2015-06-30,2015,6,30,"Starr County, US-TX, US",26.722716,-98.846926
2008-06-30,2008,6,30,balmoreah state park,30.944022,-103.786196
2015-06-28,2015,6,28,"Texas, US",27.11070217,-98.9082719859
2015-06-26,2015,6,26,"Kenedy County, US-TX, US",27.20998,-97.8455283333
2015-06-28,2015,6,28,"Brewster County, US-TX, US",30.334557,-103.081577
2015-06-10,2015,6,10,"TX 166, Jeff Davis County",30.56082,-104.279823
2015-06-28,2015,6,28,"Crockett County, US-TX, US",30.37159125,-101.33051566
2015-06-27,2015,6,27,"Stonewall County, US-TX, US",33.1247596741,-100.0667266846
2015-06-27,2015,6,27,"Stonewall County, US-TX, US",33.1054763794,-100.2772674561
2015-06-27,2015,6,27,"Stonewall County, US-TX, US",33.1278877258,-100.0629730225
2015-06-26,2015,6,26,"Texas, US",31.6327809413,-102.8439676095
2015-06-26,2015,6,26,"Texas, US",27.3925063208,-97.7061254926
2015-06-26,2015,6,26,"Midland, Texas 79705",32.068885,-102.094682
2015-06-25,2015,6,25,"McCulloch, Texas, United States",31.285725,-99.3357
2015-06-24,2015,6,24,"Texas, US",28.8282898244,-100.5950836606
2015-06-15,2015,6,15,"Terrell County, 2400",30.54019167,-102.039225
2015-06-24,2015,6,24,"Crane County, US-TX, US",31.430124,-102.666133
2015-06-21,2015,6,21,"Ward County, US-TX, US",31.6378866667,-102.8187866667
2015-06-22,2015,6,22,"Texas, US",32.0652670815,-102.6395549396
2015-06-20,2015,6,20,"79517, Fluvanna, Texas, US",32.8995,-101.2825
2015-06-20,2015,6,20,"79517, Fluvanna, Texas, US",32.898244,-101.282037
2015-06-20,2015,6,20,"Pecos County, US-TX, US",30.233697,-102.681959
2015-06-21,2015,6,21,"Texas, US",31.5158822931,-102.6829974447
2015-06-21,2015,6,21,"Texas, US",31.5502016413,-102.7209214147
2015-06-21,2015,6,21,"Hudspeth County, US-TX, US",31.854387,-105.966312
2015-06-21,2015,6,21,"17700–17876 Athens Ave, El Paso, TX, US",31.935533,-106.053058
2015-06-20,2015,6,20,"Jim Hogg County, US-TX, US",26.9400366667,-98.9285283333
2015-06-20,2015,6,20,,31.334980011,-99.599647522
2015-06-20,2015,6,20,,31.3351364136,-99.5996398926
2015-06-20,2015,6,20,"Pinto Canyon Rd, Marfa, TX, US",30.190159,-104.276151
2015-06-19,2015,6,19,Texas alice,27.789167,-98.045557
2015-06-19,2015,6,19,"Kinney County, US-TX, US",29.49803,-100.617845
2015-06-18,2015,6,18,"Coyote Corner Rd, Andrews, TX, US",32.128164,-102.635624
2015-06-18,2015,6,18,"Texas, US",32.0598990523,-102.7997986882
2015-06-18,2015,6,18,"Texas, US",32.1670740918,-102.7455448858
2015-06-17,2015,6,17,"Concho County, US-TX, US",31.384855,-100.0669778333
2015-05-25,2015,5,25,"Texas, US",32.1392707549,-102.6909560495
2015-06-14,2015,6,14,"Kinney County, US-TX, US",29.286825,-100.5968083333
2015-06-15,2015,6,15,"Presidio County, US-TX, US",30.2494521225,-104.1605759785
2015-06-14,2015,6,14,"Shackelford County, US-TX, US",32.5954093933,-99.1427841187
2015-06-14,2015,6,14,"Pecos County, US-TX, US",30.6748916667,-101.7955166667
2015-06-14,2015,6,14,"Pecos County, US-TX, US",30.6870033333,-101.8255616667
2015-06-11,2015,6,11,"Terrell, Texas, United States",30.5409833333,-102.0381233333
2015-06-14,2015,6,14,,30.394227,-102.244449
2015-06-14,2015,6,14,"500–598 3rd St, Sanderson, TX, US",30.143412,-102.392236
2015-06-13,2015,6,13,"Texas, US",30.348773,-103.700209
2015-06-13,2015,6,13,"Starr County, US-TX, US",26.513449,-98.87907042
2015-06-13,2015,6,13,"Texas, US",30.0532383766,-102.3726463823
2015-06-12,2015,6,12,"Brewster County, US-TX, US",29.8837366667,-103.5810466667
2015-06-12,2015,6,12,"Texas, US",33.7021168645,-98.6534902475
2015-06-11,2015,6,11,"Jeff Davis County, US-TX, US",30.6324383333,-104.2786783333
2015-06-12,2015,6,12,"Brewster County, US-TX, US",30.3805033354,-103.051679634
2015-06-11,2015,6,11,"302 Kerr St, Sanderson Texas",30.145444,-102.390973
2015-06-11,2015,6,11,"N Front St, Grandfalls, TX, US",31.3541,-102.861381
2015-06-11,2015,6,11,"Brewster County, US-TX, US",30.2786866667,-103.16842
2015-05-04,2015,5,4,Lubbock Lake Landmark,33.626425,-101.890598
2015-06-10,2015,6,10,"Zavala County, US-TX, US",28.9376888275,-99.8674468994
2015-06-10,2015,6,10,"Zavala County, US-TX, US",28.7357063293,-99.792098999
2015-06-10,2015,6,10,"79738, Gail, Texas, US",32.759324,-101.604917
2015-06-05,2015,6,5,"Briscoe, Texas, United States",34.4407996944,-101.0923461667
2015-06-05,2015,6,5,"Briscoe, Texas, United States",34.4591026111,-101.0798416111
2015-06-04,2015,6,4,"Hall, Texas, United States",34.4590148889,-100.8207092222
2015-06-04,2015,6,4,"Hall, Texas, United States",34.4697723333,-100.7984771667
2015-06-04,2015,6,4,"Hall, Texas, United States",34.4788856389,-100.7016143611
2015-06-09,2015,6,9,"Dimmit County, US-TX, US",28.4835090637,-99.837272644
2015-06-08,2015,6,8,"Upton County, US-TX, US",31.64357,-101.817025
2015-06-08,2015,6,8,"Maverick County, US-TX, US",28.7049713135,-100.421081543
2015-06-08,2015,6,8,"Texas, US",33.6421955861,-98.6005960987
2015-06-08,2015,6,8,"Texas, US",31.643331305,-102.9185667645
2015-06-07,2015,6,7,"Stonewall County, US-TX, US",33.1416053772,-100.04347229
2015-06-07,2015,6,7,"Stonewall County, US-TX, US",33.1269721985,-100.1533050537
2015-06-06,2015,6,6,"Crockett County, US-TX, US",30.7281416667,-101.669045
2015-06-06,2015,6,6,archer county texas,33.701917,-98.765283
2015-06-06,2015,6,6,"Haskell County, US-TX, US",33.3972854614,-99.82447052
2015-05-06,2015,5,6,"Texas, US",33.6864127641,-98.7787454585
2015-06-01,2015,6,1,,31.09534,-100.583263
2015-05-29,2015,5,29,"Val Verde, Texas, United States",29.6984749722,-101.3041638611
2015-06-01,2015,6,1,"Ranch Road 334, Brackettville, TX, US",29.4432366667,-100.1174555
2015-06-01,2015,6,1,"Stonewall County, US-TX, US",33.135055542,-100.3407592773
2015-05-31,2015,5,31,,35.2253633,-101.9060801
2015-05-17,2015,5,17,"Andrews County, US-TX, US",32.1119,-102.7035916667
2015-05-31,2015,5,31,"79738, Gail, Texas, US",32.781504,-101.524501
2013-08-03,2013,8,3,Fort Clark Springs,29.283863,-100.423499
2014-09-25,2014,9,25,"Texas, US",33.8637973272,-99.1742861343
2014-06-17,2014,6,17,"Texas, US",33.8751113494,-99.076575008
2015-05-28,2015,5,28,"River Rd, Camp Wood, TX, US",29.671055,-100.018586
2015-05-22,2015,5,22,"Texas, US",27.8251716122,-98.4305570112
2015-05-22,2015,5,22,"Texas, US",26.7936088181,-98.9566182736
2015-05-20,2015,5,20,"Los Angeles, Tx",28.422269,-99.012812
2015-05-23,2015,5,23,"Jim Hogg County, US-TX, US",26.8646166667,-98.8940116667
2015-05-24,2015,5,24,"Kent County, US-TX, US",33.2815666199,-100.5928726196
2015-05-25,2015,5,25,"Stonewall County, US-TX, US",33.1242141724,-100.1118545532
2015-05-25,2015,5,25,"Stonewall County, US-TX, US",33.1257247925,-100.0654907227
2015-05-22,2015,5,22,Schertz ,34.633208,-100.019531
2015-05-20,2015,5,20,"Texas, US",27.0791173844,-98.968132206
2015-05-16,2015,5,16,"Maddin Prairie, Mitchell Co., TX",32.298088,-100.789175
2015-05-06,2015,5,6,"801 Craddock Ct, Smithville, TX, US",30.0115138833,-97.1495138333
2015-02-16,2015,2,16,Starr Cactus Ranch,26.527112,-98.910932
2015-05-16,2015,5,16,"Glasscock County, US-TX, US",31.8178416667,-101.6288216667
2015-05-16,2015,5,16,"Glasscock County, US-TX, US",31.8772216667,-101.6311633333
2015-05-16,2015,5,16,"Glasscock County, US-TX, US",31.791255,-101.7410883333
2015-05-14,2015,5,14,"Ward County, US-TX, US",31.615075,-102.9997466667
2015-05-09,2015,5,9,"Kinney County, US-TX, US",29.25533997,-100.54521204
2015-05-03,2015,5,3,"Dimmit County, US-TX, US",28.3534,-99.60854
2015-05-05,2015,5,5,"Brewster County, US-TX, US",30.358911296,-103.6546389386
2015-05-02,2015,5,2,,28.311436,-99.439406
2015-05-01,2015,5,1,,28.4252894,-99.4923038
2015-05-03,2015,5,3,,28.51315,-99.67934
2015-05-03,2015,5,3,"Dimmit County, US-TX, US",28.51360886,-99.67926463
2015-05-03,2015,5,3,,32.22342314,-101.49736572
2015-05-01,2015,5,1,"2101–2599 Ranch Road 3348, Brackettville, TX, US",29.302775,-100.4335116667
2015-04-30,2015,4,30,"Kinney County, US-TX, US",29.1783783333,-100.4108416667
2015-05-01,2015,5,1,"FM 133, Asherton, TX, US",28.302126,-99.405634
2015-05-01,2015,5,1,,28.31908452,-99.34048394
2015-04-22,2015,4,22,"Texas, US",32.1556360784,-102.6726472956
2015-04-29,2015,4,29,"Texas, US",30.3446931206,-103.7898208723
2015-04-27,2015,4,27,"Bentsen-Rio Grande Valley SP, La Joya, TX, US",26.173735,-98.38496
2015-04-24,2015,4,24,,26.69526805,-98.84863635
2015-04-26,2015,4,26,"316 Tilden St, Kenedy, TX, US",28.817654,-97.850647
2015-04-25,2015,4,25,"652–848 Willow Valley Rd, Gail, Texas, US",32.7534124581,-101.4316022304
2015-04-25,2015,4,25,,31.4565676,-98.5769803
2015-04-18,2015,4,18,"Hidalgo County, US-TX, US",26.22430991,-98.40864726
2015-04-21,2015,4,21,"Texas, US",32.2315210035,-102.6714293601
2015-04-19,2015,4,19,"Texas, US",32.2864786844,-102.7034017213
2015-04-13,2015,4,13,"Texas, US",33.0497137755,-100.3171106055
2015-04-13,2015,4,13,"Texas, US",33.0245764792,-100.3691374138
2015-04-12,2015,4,12,"Texas, US",33.2431935298,-100.2471052855
2015-04-12,2015,4,12,"Texas, US",33.2549900851,-100.5880455673
2015-04-12,2015,4,12,wheeler texas,35.445326,-100.270955
2015-04-12,2015,4,12,,33.1796579115,-99.4606805965
2015-04-07,2015,4,7,"Kinney County, US-TX, US",29.2823806,-100.42090332
2015-04-05,2015,4,5,"10341–10549 State Highway 55, Uvalde, TX, US",29.355195,-99.9545283333
2013-06-15,2013,6,15,"Duval County, TX",28.025554,-98.462678
2012-02-27,2012,2,27,"Kleberg County, TX",27.257425,-97.935764
2014-05-29,2014,5,29,"LaSalle County, TX",28.202394,-98.801801
2013-06-22,2013,6,22,"LaSalle County, TX",28.202697,-98.801629
2015-03-21,2015,3,21,"Texas, US",30.3305851526,-98.4859564624
2015-03-23,2015,3,23,"4680–5398 Ranch Road 334, Brackettville, TX, US",29.3499366667,-100.35453
2003-06-06,2003,6,6,Copper Breaks SP-Hardeman Co. TX,34.103844,-99.753502
2014-06-27,2014,6,27,"Copper Breaks State Park, Quanah, TX, US",34.1184611667,-99.75432
2014-06-27,2014,6,27,"Copper Breaks State Park, Quanah, TX, US",34.118473,-99.754734
2009-05-30,2009,5,30,"County Road T between Lipscomb, Texas and the Lipscomb Cemetery",36.230691,-100.257282
2009-06-30,2009,6,30,"Marathon, Texas",30.212435,-103.238146
2009-07-03,2009,7,3,"Hwy 90, Brewster Co., Texas",30.204475,-102.968121
2009-07-02,2009,7,2,"Marathon, Texas",30.209177,-103.244694
1998-06-06,1998,6,6,"Valentine, Texas",30.625462,-104.546052
2013-09-22,2013,9,22,"sheffield, tx",30.48346,-101.804355
2013-03-16,2013,3,16,"catarina, tx",28.329194,-99.416863
2011-05-30,2011,5,30,Brewster Co. Texas,30.291351,-103.143902
2014-03-15,2014,3,15,"catarina, tx",28.316939,-99.40519
2014-09-06,2014,9,6,"canadian, tx",35.919362,-100.277607
2014-05-04,2014,5,4,"sheffield, tx",30.478067,-101.79148
2014-08-23,2014,8,23,"canadian, tx",35.923352,-100.272509
2014-08-02,2014,8,2,"Coke, Texas, United States",31.9020099444,-100.4913711389
2014-10-03,2014,10,3,,28.724096,-98.959785
2014-09-06,2014,9,6,Deer lease,31.830111,-99.912243
2014-09-03,2014,9,3,"79782, Stanton, TX, US",32.245663,-101.746228
2014-08-31,2014,8,31,"Texas, US",27.8615342913,-98.558019254
2014-08-30,2014,8,30,"Pinto Canyon Rd, Marfa, Texas, US",30.193,-104.2416666667
2014-08-29,2014,8,29,"Texas, US",30.4662493821,-101.9139599036
2014-08-24,2014,8,24,"US90 west of Sanderson, Pecos County, Texas, United States",30.17334,-102.72077
2014-06-30,2014,6,30,,32.0942077637,-102.7822341919
2014-08-17,2014,8,17,"Texas, US",33.8765831649,-99.5473649927
2010-06-30,2010,6,30,"Culberson County, Texas",31.374032,-104.831308
2014-08-14,2014,8,14,"Texas, US",33.9657473038,-99.2911034674
2014-07-29,2014,7,29,"Texas, US",28.8200503875,-97.8244768042
2014-06-04,2014,6,4,"FM 1780, Whiteface, TX, US",33.42875,-102.6124883333
2014-07-23,2014,7,23,"Texas, US",33.9278219288,-99.1817441369
2014-07-23,2014,7,23,"Texas, US",30.3120955761,-103.7689493795
2014-07-16,2014,7,16,"Texas, US",27.8107421974,-98.4702121338
2014-07-16,2014,7,16,"Texas, US",27.9663183571,-98.5513522633
2014-07-16,2014,7,16,"Texas, US",27.9665416846,-98.5558545589
2014-07-16,2014,7,16,"Texas, US",27.8947461498,-98.5736831792
2014-07-16,2014,7,16,"Texas, US",27.8759553646,-98.4440476538
2013-09-02,2013,9,2,"Terrell, Texas, United States",30.400493,-102.301167
2013-08-31,2013,8,31,"Brewster, Texas, United States",30.2061666667,-103.207
2013-07-28,2013,7,28,"Brewster, Texas, United States",30.275708,-103.173935
2013-05-30,2013,5,30,"Brooks, Texas, United States",27.21141,-98.119092
2013-05-25,2013,5,25,"Marathon, Texas",30.344463,-103.06032
2014-07-07,2014,7,7,"Terrell County, US-TX, US",30.389207,-102.226147
2014-07-06,2014,7,6,"19873–21359 Iron Pens Rd, Vernon, Texas, US",33.959,-99.3861666667
2014-07-03,2014,7,3,"79854, Valentine, TX, US",30.578993,-104.644244
2014-06-29,2014,6,29,"Texas, US",27.8572290401,-98.4663945178
2014-07-01,2014,7,1,"Tom Green County, US-TX, US",31.663064,-100.315296
2014-07-01,2014,7,1,"76384, Vernon, Texas, US",33.8941666667,-99.4536666667
2014-06-29,2014,6,29,"Red Fish Bay Rd, Port Mansfield, Texas, US",26.5126666667,-97.4623333333
2014-06-19,2014,6,19,"Texas, US",32.6161148915,-99.434240939
2014-05-27,2014,5,27,"3192 Arena Rd. Wichita Falls, TX 76310",33.883928,-98.618871
2014-06-24,2014,6,24,"79738, Gail, Texas, US",32.8225986567,-101.539017493
2014-06-22,2014,6,22,"FM 1207, Vernon, Texas, US",33.9923333333,-99.3988333333
2014-06-21,2014,6,21,"Tom Green County, US-TX, US",31.28768975,-100.53472724
2014-06-18,2014,6,18,"Tom Green County, US-TX, US",31.3736368,-100.6149334
2014-06-14,2014,6,14,"Texas, US",26.5284732424,-97.5074458101
2014-06-04,2014,6,4,"Tom Green County, US-TX, US",31.5081996736,-100.5860970834
2014-06-15,2014,6,15,"Texas, US",26.6773884572,-97.6734716317
2014-06-16,2014,6,16,"Texas, US",26.4690413636,-97.4362307278
2014-06-01,2014,6,1,"Brewster County, US-TX, US",30.3659411181,-103.27682533
2014-05-30,2014,5,30,"Texas, US",31.2152997214,-100.5886778873
2014-06-15,2014,6,15,"35430 General Brandt Hwy, Rio Hondo, TX, US",26.2158716667,-97.4541783333
2014-06-14,2014,6,14,"11530–11622 W State Highway 158, Robert Lee, TX, US",31.90432,-100.6278133333
2014-06-14,2014,6,14,"2500–2798 County Road 110, Garden City, TX, US",31.83568,-101.55465
2014-06-14,2014,6,14,"2301–2799 County Road 110, Garden City, TX, US",31.8328133333,-101.565955
2014-06-02,2014,6,2,"Andrews, TX",32.124453,-102.781219
2014-06-11,2014,6,11,"Texas, US",34.1475453072,-99.5270530546
2014-06-07,2014,6,7,"Texas, US",32.1514524742,-102.7777690285
2014-06-01,2014,6,1,,30.37827,-102.330372
2014-06-04,2014,6,4,"S Soncy Rd, Canyon, TX, US",34.91031,-101.937598
2014-06-01,2014,6,1,"Pecos County, US-TX, US",31.054776,-102.403226
2014-05-31,2014,5,31,"Texas, US",26.4489271603,-97.4203189755
2014-05-31,2014,5,31,"Texas, US",26.5119133947,-97.4645294104
2014-04-13,2014,4,13,"Texas, US",31.1912794154,-101.0738042221
2014-06-01,2014,6,1,"Pinto Canyon Rd, Marfa, TX, US",30.1881033333,-104.2810583333
2014-05-30,2014,5,30,"Brewster, Texas, United States",30.0575527778,-103.2782444444
2014-05-20,2014,5,20,"Andrews, TX",32.070018,-102.737976
2014-05-26,2014,5,26,"Texas, US",32.1137113367,-102.6566545417
2014-03-23,2014,3,23,Chaparral Wildlife Management Area,28.32603,-99.407555
2014-03-23,2014,3,23,Chaparral Wildlife Management Area,28.32603,-99.407555
2014-05-20,2014,5,20,"Andrews, TX",32.049068,-102.740723
2014-05-01,2014,5,1,"201–299 E Leona St, Dilley, TX, US",28.667305,-99.169175
2014-04-25,2014,4,25,"78827, Asherton, TX, US",28.3480966667,-99.4459
2014-04-26,2014,4,26,,28.345978,-99.44968
2014-04-27,2014,4,27,,28.309167,-99.405278
2014-04-26,2014,4,26,"78344, Bruni, TX, US",27.39895,-98.8299866667
2014-04-26,2014,4,26,,28.35047,-99.43648
2014-04-25,2014,4,25,"78014, Cotulla, Texas, US",28.349739,-99.323139
2014-04-24,2014,4,24,"9750–9798 FM 755, San Isidro, Texas, US",26.7745,-98.4376666667
2014-04-25,2014,4,25,"78827, Asherton, TX, US",28.354035,-99.466036
2014-04-24,2014,4,24,Alpine Middle School,30.359552,-103.679422
2014-04-24,2014,4,24,,31.3136333333,-100.64032
2014-04-22,2014,4,22,"547–577 FM 2686, Rio Grande City, Texas, US",26.6823333333,-98.7628333333
2014-04-23,2014,4,23,"Texas, US",26.9900871969,-98.9443016871
2013-04-11,2013,4,11,Independence Creek,30.45218,-101.73433
2014-04-13,2014,4,13,"Coots Rd, Sheffield, TX, US",30.69602,-101.819892
2007-06-03,2007,6,3,"Nix Ranch, Andrews County, Texas",32.342627,-102.713512
2014-04-13,2014,4,13,"Deer Canyon Rd, Ozona, Texas, US",30.8033333333,-101.781
2014-04-11,2014,4,11,"Hoover Divide Rd, Ozona, Texas, US",30.6241666667,-101.603
2014-04-11,2014,4,11,"Hoover Divide Rd, Ozona, Texas, US",30.6103333333,-101.6023333333
2014-04-09,2014,4,9,"Moore County, US-TX, US",35.688283,-101.744074
2014-03-28,2014,3,28,"2–76 FM 2686, Rio Grande City, Texas, US",26.6943333333,-98.8426666667
2013-07-02,2013,7,2,"ranch in eastern Frio County, TX",28.719044,-98.914118
1986-04-26,1986,4,26,"McMullen County, Texas",28.096591,-98.328838
2014-03-15,2014,3,15,"Texas, US",26.641175367,-98.7874676298
2011-06-02,2011,6,2,"Pinto Canyon Rd, Marfa, TX, US",30.246645,-104.168308
2011-06-02,2011,6,2,"TX-118, Alpine, TX, US",30.405861,-103.685406
1985-05-15,1985,5,15,"Val Verde County, Texas",29.634744,-100.913651
2013-07-05,2013,7,5,Lubbock Texas,33.693861,-101.792407
2013-09-22,2013,9,22,"Orient, Texas",31.661564,-100.309639
2013-04-27,2013,4,27,"Texas, US",31.3907361174,-101.1920583971
2013-04-27,2013,4,27,"Midland County, Texas, USA",31.993709,-101.914206
2013-10-24,2013,10,24,"Farm Road 81, Karnes City, TX, US",28.883216,-97.984708
2013-04-05,2013,4,5,"Frio County, US-TX, US",28.721886,-98.962634
2012-07-28,2012,7,28,"Frio County, US-TX, US",28.712783,-98.974805
2011-07-04,2011,7,4,"Palo Duro Canyon, TX",34.960141,-101.713293
2007-08-25,2007,8,25,"Frio County, US-TX, US",28.723679,-98.966442
2012-08-04,2012,8,4,"Frio County, US-TX, US",28.709003,-98.942614
2013-10-22,2013,10,22,,27.3485691492,-97.9218341945
2013-09-28,2013,9,28,"S Cotter St, Alpine, TX, US",30.348073,-103.673818
2011-05-30,2011,5,30,Paducah texas,34.107399,-100.350151
2013-05-01,2013,5,1,"Brooks county, Texas",27.027306,-98.221298
2013-09-07,2013,9,7,"US-90, Uvalde, Texas, US",29.260241,-99.722171
2013-08-26,2013,8,26,"514–598 W Avenue F, Alpine, TX, US",30.3545666667,-103.6647416667
2007-05-14,2007,5,14,"Dimmit, Texas, United States",28.317302,-99.397259
2007-05-14,2007,5,14,"Dimmit, Texas, United States",28.315695,-99.399494
2013-05-28,2013,5,28,I-20 Nature Preserve,31.964575,-102.119465
2013-08-19,2013,8,19,elephant mountain wma,30.020566,-103.507102
2013-06-27,2013,6,27,"evergreen cemetery, stanton, tx",32.112894,-101.782475
2013-08-14,2013,8,14,"Jeff Davis County, US-TX, US",30.523156,-104.396081
2013-08-14,2013,8,14,"79854, Valentine, Texas, US",30.586385,-104.630838
2013-08-14,2013,8,14,"valentine, texas",30.561328,-104.651835
2013-07-27,2013,7,27,"Texas, US",27.8291736635,-98.4830750619
2013-05-20,2013,5,20,"Texas, US",27.8780731672,-98.4078562249
2013-06-10,2013,6,10,Hwy 385 just north of Hwy 90,30.226308,-103.209942
2013-06-10,2013,6,10,Hwy 90 West of Sanderson,30.206908,-103.201844
2013-06-10,2013,6,10,Hwy 90 West of Sanderson,30.212561,-103.118908
2013-06-10,2013,6,10,Hwy 90 West of Sanderson,30.21265,-103.09125
2013-07-26,2013,7,26,"Ranch Road 505, Valentine, Texas, US",30.5293333333,-104.3721666667
2013-07-25,2013,7,25,"79015, Canyon, Texas, US",34.901693,-101.947985
2013-05-28,2013,5,28,Wildcat Bluff Nature Center,35.236535,-101.942664
2013-04-24,2013,4,24,Wildcat Bluff Nature Center,35.238419,-101.939843
2013-07-20,2013,7,20,seminole canyon state park,29.727057,-101.146832
2013-07-19,2013,7,19,"Ranch Road 684, Roaring Springs, Texas, US",33.904833,-100.976667
2013-07-19,2013,7,19,"Ranch Road 684, Roaring Springs, Texas, US",33.904667,-100.987167
2013-07-19,2013,7,19,"Ranch Road 684, Roaring Springs, Texas, US",33.905,-100.956833
2013-07-18,2013,7,18,"79015, Canyon, Texas, US",34.899195,-101.948974
2013-07-14,2013,7,14,"Ranch Road 505, Valentine, Texas, US",30.5470889714,-104.2748654076
2013-07-10,2013,7,10,"Brewster, Texas, United States",30.350721,-103.67095
2013-07-10,2013,7,10,"Presidio County, US-TX, US",30.259,-104.154
2009-04-10,2009,4,10,"Dimmit County, tx",28.293196,-99.383698
2013-07-01,2013,7,1,"79015, Canyon, Texas, US",34.90088,-101.948138
2013-06-28,2013,6,28,"6164–6904 FM-669, Gail, Texas, US",32.8004708933,-101.4473382478
2013-06-28,2013,6,28,"79351, Gail, Texas, US",32.7930952376,-101.5195105412
2013-05-14,2013,5,14,"Foard County, US-TX, US",34.173644,-100.023489
2013-06-18,2013,6,18,"Coyote Corner Rd, Andrews, Texas, US",32.1215,-102.665
2013-06-22,2013,6,22,"SW 6401, Andrews, Texas, US",32.1123333333,-102.7026666667
2013-06-22,2013,6,22,"3438–3724 County Rd-1785, Gail, Texas, US",32.5488333333,-101.391
2013-06-22,2013,6,22,"Ranch Road 1584, Big Spring, Texas, US",32.5188333333,-101.5686666667
2013-06-22,2013,6,22,"3438–3724 County Rd-1785, Gail, Texas, US",32.5488333333,-101.391
2013-06-22,2013,6,22,"652–848 Willow Valley Rd, Gail, Texas, US",32.7513333333,-101.431
2013-06-22,2013,6,22,"Borden County, US-TX, US",32.7536666667,-101.4316666667
2013-06-22,2013,6,22,"2460–2498 TX-349, Lamesa, Texas, US",32.6233333333,-101.9903333333
2013-06-22,2013,6,22,"US-180, Lamesa, Texas, US",32.7411666667,-101.7413333333
2013-06-22,2013,6,22,"5492–5708 County Rd-1785, Gail, Texas, US",32.5341666667,-101.4561666667
2013-06-20,2013,6,20,"FM-874, Kermit, Texas, US",31.918087,-103.106281
2013-06-17,2013,6,17,"78582, Rio Grande City, Texas, US",26.6605,-98.7723333333
2013-06-15,2013,6,15,"1900–1908 FM-649, Rio Grande City, Texas, US",26.6918333333,-98.8513333333
2013-06-15,2013,6,15,"6654–6864 FM-1205, Coahoma, Texas, US",32.555456,-101.226083
2013-06-15,2013,6,15,"615–741 County Road 383, Ira, Texas, US",32.612258,-101.219125
2013-06-15,2013,6,15,"615–741 County Road 383, Ira, Texas, US",32.612218,-101.218923
2013-06-15,2013,6,15,"6209–6389 FM-1205, Coahoma, Texas, US",32.555962,-101.245088
2013-06-15,2013,6,15,"79511, Gail, Texas, US",32.605933,-101.264846
2013-06-15,2013,6,15,"189–679 County Rd-1785, Coahoma, Texas, US",32.556323,-101.295998
2013-06-15,2013,6,15,"188–678 County Rd-1785, Coahoma, Texas, US",32.555774,-101.305409
2013-06-15,2013,6,15,"1744–2318 County Rd-1785, Gail, Texas, US",32.558029,-101.338857
2013-06-15,2013,6,15,"1744–2318 County Rd-1785, Gail, Texas, US",32.55837,-101.355838
2013-06-15,2013,6,15,"5959–6109 Willow Valley Rd, Gail, Texas, US",32.608172,-101.383972
2013-06-15,2013,6,15,"5201–5857 Willow Valley Rd, Gail, Texas, US",32.630117,-101.391354
2013-06-15,2013,6,15,"3155–3975 Willow Valley Rd, Gail, Texas, US",32.678702,-101.407123
2013-06-15,2013,6,15,"Gail South, Gail, Texas, US",32.696492,-101.333895
2013-06-11,2013,6,11,,28.4133844933,-98.7459285789
2013-06-07,2013,6,7,Matagorada Island National Wildlife Refuge,28.334106,-96.448757
2013-06-07,2013,6,7,"600–798 W Oak St, Dryden, Texas, US",30.144555,-102.405762
2013-06-07,2013,6,7,"Terrell County, US-TX, US",30.3855,-102.3156666667
2013-06-08,2013,6,8,"Palo Duro Canyon State Park, Canyon, Texas, US",34.973957,-101.676738
2013-06-04,2013,6,4,"Soncy Rd, Canyon, Texas, US",34.903017,-101.93764
2013-06-04,2013,6,4,"Grape Creek, Gail, Texas, US",32.63551,-101.406366
2013-05-30,2013,5,30,"FM-649, Guerra, Texas, US",26.9148333333,-98.909
2013-05-30,2013,5,30,"241–271 FM-2686, Rio Grande City, Texas, US",26.687,-98.8071666667
2013-05-31,2013,5,31,"FM-2294, Rio Grande City, Texas, US",26.6123333333,-98.5521666667
2002-06-15,2002,6,15,"Dimmit, Texas, United States",28.325549,-99.408429
2011-05-29,2011,5,29,"Matador Wildlife Management Area, Texas, United States",34.10882,-100.345217
2011-05-28,2011,5,28,"Rolling Plains Quail Research Ranch, Rotan, Texas, United States",32.731228,-100.565005
2013-05-19,2013,5,19,"Hoover Divide Rd, Ozona, Texas, US",30.6716666667,-101.6068333333
2013-05-17,2013,5,17,"Culberson County, US-TX, US",31.853,-104.2365
2013-05-16,2013,5,16,"79714, Andrews, Texas, US",32.116003,-102.687048
2013-05-15,2013,5,15,"County Rd-3034, Eden, Texas, US",31.2161666667,-99.7816666667
2013-05-12,2013,5,12,"Jones County, US-TX, US",32.682189,-99.655665
2013-05-09,2013,5,9,,31.3331454016,-100.4625117222
2013-04-27,2013,4,27,"32788–33240 Ranch Road 1021, Eagle Pass, Texas, US",28.336,-100.238667
2013-04-27,2013,4,27,"Ranch Road 1472, Laredo, Texas, US",28.181,-100.08
2013-04-27,2013,4,27,"Ranch Road 1472, Laredo, Texas, US",28.182,-100.080667
2013-04-16,2013,4,16,"E Douglas Loop, Miles, Texas",31.553049222,-100.2299022675
2013-03-30,2013,3,30,,32.5421650032,-99.0920462042
2013-03-10,2013,3,10,Santa Rosa Ranch,27.1715822841,-97.8854370117
2013-03-09,2013,3,9,"Kenedy County, US-TX, US",27.1748453764,-97.8696294129
2013-03-10,2013,3,10,,27.1058031408,-97.9783271563
1987-08-25,1987,8,25,"Lamesa, Texas",32.747868,-101.956129
2012-09-02,2012,9,2,,28.909985705,-97.8807585236
2009-06-17,2009,6,17,"Cresson, Texas",32.5326369,-97.6178026
2012-10-19,2012,10,19,,28.5317076889,-98.7748019566
2012-10-17,2012,10,17,"Texas, US",28.4480665247,-99.310582086
2012-06-05,2012,6,5,"Brackettville, TX",29.2045365884,-100.6006837131
2007-06-22,2007,6,22,Martin County,32.4141375596,-101.8914137664
2011-09-15,2011,9,15,"Webb County, US-TX, US",28.1796914173,-99.7479151999
2012-05-20,2012,5,20,"Texas: Jeff Davis Co.: Valentine, 1 mi S",30.5873662,-104.4965912
2000-04-22,2000,4,22,"Payne Ranch, Kenedy Co., Texas",26.85,-97.9166
2006-05-18,2006,5,18,"Los Charcos Ranch, near McCook, Texas",26.4966,-98.3507
2011-06-09,2011,6,9,"Loma Vista Road south of Batesville, Texas",28.8237601986,-99.5990926168
2010-05-06,2010,5,6,"south of Batesville, Texas",28.7826382049,-99.6417933843
2004-05-24,2004,5,24,"Faith Ranch Road S of Carrizo Springs, Texas",28.2806453155,-100.0113737027
2011-04-24,2011,4,24,Glasscock County,31.8645662514,-101.5429674899
2012-07-28,2012,7,28,Chaparral Wildlife Management Area,28.3277818,-99.4108144
